timestamp,session_id,event_type,turn_id,query,followup_text,followup_rank,topic,data_source,event_key
2026-04-25T06:17:31.188918+00:00,c57cd76a434e4d908f5511955a0fff4d,shown,62fad9d6cc4849e0bc06b917f5cf6557,How do I register a private limited company in Hong Kong?,What specific legal and compliance issues should I be aware of for a local limited company in Hong Kong?,1,HK Company Registration & Compliance,,"('c57cd76a434e4d908f5511955a0fff4d', '62fad9d6cc4849e0bc06b917f5cf6557', 1, 'What specific legal and compliance issues should I be aware of for a local limited company in Hong Kong?')"
2026-04-25T06:17:31.189973+00:00,c57cd76a434e4d908f5511955a0fff4d,shown,62fad9d6cc4849e0bc06b917f5cf6557,How do I register a private limited company in Hong Kong?,How do I choose the right professional firm to help with the incorporation process in Hong Kong?,2,HK Company Registration & Compliance,,"('c57cd76a434e4d908f5511955a0fff4d', '62fad9d6cc4849e0bc06b917f5cf6557', 2, 'How do I choose the right professional firm to help with the incorporation process in Hong Kong?')"
2026-04-25T06:17:31.190884+00:00,c57cd76a434e4d908f5511955a0fff4d,shown,62fad9d6cc4849e0bc06b917f5cf6557,How do I register a private limited company in Hong Kong?,What are the key steps involved in choosing the company type and naming it for my local limited company in Hong Kong?,3,HK Company Registration & Compliance,,"('c57cd76a434e4d908f5511955a0fff4d', '62fad9d6cc4849e0bc06b917f5cf6557', 3, 'What are the key steps involved in choosing the company type and naming it for my local limited company in Hong Kong?')"
2026-04-25T06:18:39.823560+00:00,c57cd76a434e4d908f5511955a0fff4d,shown,b051d945148d467f86d8b0b8a03dba4f,What specific legal and compliance issues should I be aware of for a local limited company in Hong Kong?,What specific types of business activities require licensing in Hong Kong after 1 March 2018?,1,HK Company Registration & Compliance,,"('c57cd76a434e4d908f5511955a0fff4d', 'b051d945148d467f86d8b0b8a03dba4f', 1, 'What specific types of business activities require licensing in Hong Kong after 1 March 2018?')"
2026-04-25T06:18:39.824571+00:00,c57cd76a434e4d908f5511955a0fff4d,shown,b051d945148d467f86d8b0b8a03dba4f,What specific legal and compliance issues should I be aware of for a local limited company in Hong Kong?,How can a company determine which licensing requirements apply to its specific business operations?,2,HK Company Registration & Compliance,,"('c57cd76a434e4d908f5511955a0fff4d', 'b051d945148d467f86d8b0b8a03dba4f', 2, 'How can a company determine which licensing requirements apply to its specific business operations?')"
2026-04-25T06:18:39.825474+00:00,c57cd76a434e4d908f5511955a0fff4d,shown,b051d945148d467f86d8b0b8a03dba4f,What specific legal and compliance issues should I be aware of for a local limited company in Hong Kong?,Are there any recent changes or updates to the regulatory landscape that I should be aware of?,3,HK Company Registration & Compliance,,"('c57cd76a434e4d908f5511955a0fff4d', 'b051d945148d467f86d8b0b8a03dba4f', 3, 'Are there any recent changes or updates to the regulatory landscape that I should be aware of?')"
2026-04-25T06:18:53.386643+00:00,c57cd76a434e4d908f5511955a0fff4d,shown,1e7e16c5010e4bdfb89e4ca048a01d3c,How can a company determine which licensing requirements apply to its specific business operations?,What specific types of licenses would be required for a retail store in this region?,1,Business Operations & Planning,,"('c57cd76a434e4d908f5511955a0fff4d', '1e7e16c5010e4bdfb89e4ca048a01d3c', 1, 'What specific types of licenses would be required for a retail store in this region?')"
2026-04-25T06:18:53.387797+00:00,c57cd76a434e4d908f5511955a0fff4d,shown,1e7e16c5010e4bdfb89e4ca048a01d3c,How can a company determine which licensing requirements apply to its specific business operations?,Are there any additional licenses needed if the company operates online as well?,2,Business Operations & Planning,,"('c57cd76a434e4d908f5511955a0fff4d', '1e7e16c5010e4bdfb89e4ca048a01d3c', 2, 'Are there any additional licenses needed if the company operates online as well?')"
2026-04-25T06:18:53.388741+00:00,c57cd76a434e4d908f5511955a0fff4d,shown,1e7e16c5010e4bdfb89e4ca048a01d3c,How can a company determine which licensing requirements apply to its specific business operations?,How do industry-specific regulations affect the licensing process for my business?,3,Business Operations & Planning,,"('c57cd76a434e4d908f5511955a0fff4d', '1e7e16c5010e4bdfb89e4ca048a01d3c', 3, 'How do industry-specific regulations affect the licensing process for my business?')"
2026-04-25T06:20:51.532640+00:00,c57cd76a434e4d908f5511955a0fff4d,shown,3b69ffc5b34648e88e61f343c3dcb33e,How should I validate a startup idea before launching?,How can we effectively analyze the competitive landscape to validate our startup idea?,1,business startup / planning / launch,,"('c57cd76a434e4d908f5511955a0fff4d', '3b69ffc5b34648e88e61f343c3dcb33e', 1, 'How can we effectively analyze the competitive landscape to validate our startup idea?')"
2026-04-25T06:20:51.533586+00:00,c57cd76a434e4d908f5511955a0fff4d,shown,3b69ffc5b34648e88e61f343c3dcb33e,How should I validate a startup idea before launching?,What are some practical methods for identifying potential customers in a way that validates our product demand?,2,business startup / planning / launch,,"('c57cd76a434e4d908f5511955a0fff4d', '3b69ffc5b34648e88e61f343c3dcb33e', 2, 'What are some practical methods for identifying potential customers in a way that validates our product demand?')"
2026-04-25T06:20:51.534293+00:00,c57cd76a434e4d908f5511955a0fff4d,shown,3b69ffc5b34648e88e61f343c3dcb33e,How should I validate a startup idea before launching?,Can you provide examples of how to test the product-market fit using prototypes or MVPs?,3,business startup / planning / launch,,"('c57cd76a434e4d908f5511955a0fff4d', '3b69ffc5b34648e88e61f343c3dcb33e', 3, 'Can you provide examples of how to test the product-market fit using prototypes or MVPs?')"
2026-04-25T06:21:03.650238+00:00,c57cd76a434e4d908f5511955a0fff4d,shown,c1d9f0f3f5fd49a0ab52dd874dd11c2d,What are some practical methods for identifying potential customers in a way that validates our product demand?,What specific tools or resources do you recommend for conducting effective market research?,1,Business Operations & Planning,,"('c57cd76a434e4d908f5511955a0fff4d', 'c1d9f0f3f5fd49a0ab52dd874dd11c2d', 1, 'What specific tools or resources do you recommend for conducting effective market research?')"
2026-04-25T06:21:03.651683+00:00,c57cd76a434e4d908f5511955a0fff4d,shown,c1d9f0f3f5fd49a0ab52dd874dd11c2d,What are some practical methods for identifying potential customers in a way that validates our product demand?,How can understanding the competitive landscape help in validating product demand?,2,Business Operations & Planning,,"('c57cd76a434e4d908f5511955a0fff4d', 'c1d9f0f3f5fd49a0ab52dd874dd11c2d', 2, 'How can understanding the competitive landscape help in validating product demand?')"
2026-04-25T06:21:03.652485+00:00,c57cd76a434e4d908f5511955a0fff4d,shown,c1d9f0f3f5fd49a0ab52dd874dd11c2d,What are some practical methods for identifying potential customers in a way that validates our product demand?,In what ways can personalization strategies be effectively implemented to offer a unique value proposition?,3,Business Operations & Planning,,"('c57cd76a434e4d908f5511955a0fff4d', 'c1d9f0f3f5fd49a0ab52dd874dd11c2d', 3, 'In what ways can personalization strategies be effectively implemented to offer a unique value proposition?')"
2026-04-25T07:00:00+00:00,obj5_seed_hk_compliance,shown,obj5_seed_hk_01,I want to incorporate a Hong Kong limited company. What should I do first?,How do I check whether my preferred company name is available?,1,HK Company Registration & Compliance,seeded_objective5_evaluation,"('obj5_seed_hk_compliance', 'obj5_seed_hk_01', 1, 'How do I check whether my preferred company name is available?')"
2026-04-25T07:00:01+00:00,obj5_seed_hk_compliance,shown,obj5_seed_hk_01,I want to incorporate a Hong Kong limited company. What should I do first?,What documents are required for local company incorporation?,2,HK Company Registration & Compliance,seeded_objective5_evaluation,"('obj5_seed_hk_compliance', 'obj5_seed_hk_01', 2, 'What documents are required for local company incorporation?')"
2026-04-25T07:00:02+00:00,obj5_seed_hk_compliance,shown,obj5_seed_hk_01,I want to incorporate a Hong Kong limited company. What should I do first?,When do I receive the Business Registration Number after incorporation?,3,HK Company Registration & Compliance,seeded_objective5_evaluation,"('obj5_seed_hk_compliance', 'obj5_seed_hk_01', 3, 'When do I receive the Business Registration Number after incorporation?')"
2026-04-25T07:00:23+00:00,obj5_seed_hk_compliance,shown,obj5_seed_hk_02,How do I check whether my preferred company name is available?,What name restrictions should I avoid before submitting incorporation forms?,1,HK Company Registration & Compliance,seeded_objective5_evaluation,"('obj5_seed_hk_compliance', 'obj5_seed_hk_02', 1, 'What name restrictions should I avoid before submitting incorporation forms?')"
2026-04-25T07:00:24+00:00,obj5_seed_hk_compliance,shown,obj5_seed_hk_02,How do I check whether my preferred company name is available?,How do I reserve or change a Hong Kong company name later?,2,HK Company Registration & Compliance,seeded_objective5_evaluation,"('obj5_seed_hk_compliance', 'obj5_seed_hk_02', 2, 'How do I reserve or change a Hong Kong company name later?')"
2026-04-25T07:00:25+00:00,obj5_seed_hk_compliance,shown,obj5_seed_hk_02,How do I check whether my preferred company name is available?,What happens if the Companies Registry rejects the proposed name?,3,HK Company Registration & Compliance,seeded_objective5_evaluation,"('obj5_seed_hk_compliance', 'obj5_seed_hk_02', 3, 'What happens if the Companies Registry rejects the proposed name?')"
2026-04-25T07:00:46+00:00,obj5_seed_hk_compliance,shown,obj5_seed_hk_03,How do I reserve or change a Hong Kong company name later?,Which Companies Registry form is used for a company name change?,1,HK Company Registration & Compliance,seeded_objective5_evaluation,"('obj5_seed_hk_compliance', 'obj5_seed_hk_03', 1, 'Which Companies Registry form is used for a company name change?')"
2026-04-25T07:00:47+00:00,obj5_seed_hk_compliance,shown,obj5_seed_hk_03,How do I reserve or change a Hong Kong company name later?,How does the new Unique Business Identifier affect my company records?,2,HK Company Registration & Compliance,seeded_objective5_evaluation,"('obj5_seed_hk_compliance', 'obj5_seed_hk_03', 2, 'How does the new Unique Business Identifier affect my company records?')"
2026-04-25T07:00:48+00:00,obj5_seed_hk_compliance,shown,obj5_seed_hk_03,How do I reserve or change a Hong Kong company name later?,Do I need to notify banks and contracts after changing the company name?,3,HK Company Registration & Compliance,seeded_objective5_evaluation,"('obj5_seed_hk_compliance', 'obj5_seed_hk_03', 3, 'Do I need to notify banks and contracts after changing the company name?')"
2026-04-25T07:01:09+00:00,obj5_seed_hk_compliance,shown,obj5_seed_hk_04,How does the new Unique Business Identifier affect my company records?,Where can I look up the BRN mapping for an existing company?,1,HK Company Registration & Compliance,seeded_objective5_evaluation,"('obj5_seed_hk_compliance', 'obj5_seed_hk_04', 1, 'Where can I look up the BRN mapping for an existing company?')"
2026-04-25T07:01:10+00:00,obj5_seed_hk_compliance,shown,obj5_seed_hk_04,How does the new Unique Business Identifier affect my company records?,Does the former company number still appear in public records?,2,HK Company Registration & Compliance,seeded_objective5_evaluation,"('obj5_seed_hk_compliance', 'obj5_seed_hk_04', 2, 'Does the former company number still appear in public records?')"
2026-04-25T07:01:11+00:00,obj5_seed_hk_compliance,shown,obj5_seed_hk_04,How does the new Unique Business Identifier affect my company records?,How should I update internal documents after UBI adoption?,3,HK Company Registration & Compliance,seeded_objective5_evaluation,"('obj5_seed_hk_compliance', 'obj5_seed_hk_04', 3, 'How should I update internal documents after UBI adoption?')"
2026-04-25T07:01:32+00:00,obj5_seed_operations,shown,obj5_seed_ops_01,How should I price a small online retail product before launch?,How do I calculate gross margin for my first product batch?,1,Business Operations & Planning,seeded_objective5_evaluation,"('obj5_seed_operations', 'obj5_seed_ops_01', 1, 'How do I calculate gross margin for my first product batch?')"
2026-04-25T07:01:33+00:00,obj5_seed_operations,shown,obj5_seed_ops_01,How should I price a small online retail product before launch?,What demand assumptions should I test before ordering inventory?,2,Business Operations & Planning,seeded_objective5_evaluation,"('obj5_seed_operations', 'obj5_seed_ops_01', 2, 'What demand assumptions should I test before ordering inventory?')"
2026-04-25T07:01:34+00:00,obj5_seed_operations,shown,obj5_seed_ops_01,How should I price a small online retail product before launch?,How should I compare competitor prices without racing to the bottom?,3,Business Operations & Planning,seeded_objective5_evaluation,"('obj5_seed_operations', 'obj5_seed_ops_01', 3, 'How should I compare competitor prices without racing to the bottom?')"
2026-04-25T07:01:55+00:00,obj5_seed_operations,shown,obj5_seed_ops_02,How do I calculate gross margin for my first product batch?,What costs should be included in contribution margin?,1,Business Operations & Planning,seeded_objective5_evaluation,"('obj5_seed_operations', 'obj5_seed_ops_02', 1, 'What costs should be included in contribution margin?')"
2026-04-25T07:01:56+00:00,obj5_seed_operations,shown,obj5_seed_ops_02,How do I calculate gross margin for my first product batch?,How do shipping and returns change my break-even point?,2,Business Operations & Planning,seeded_objective5_evaluation,"('obj5_seed_operations', 'obj5_seed_ops_02', 2, 'How do shipping and returns change my break-even point?')"
2026-04-25T07:01:57+00:00,obj5_seed_operations,shown,obj5_seed_ops_02,How do I calculate gross margin for my first product batch?,When should I adjust pricing after early customer feedback?,3,Business Operations & Planning,seeded_objective5_evaluation,"('obj5_seed_operations', 'obj5_seed_ops_02', 3, 'When should I adjust pricing after early customer feedback?')"
2026-04-25T07:02:18+00:00,obj5_seed_operations,shown,obj5_seed_ops_03,How do shipping and returns change my break-even point?,How much safety stock should I keep for seasonal demand spikes?,1,Business Operations & Planning,seeded_objective5_evaluation,"('obj5_seed_operations', 'obj5_seed_ops_03', 1, 'How much safety stock should I keep for seasonal demand spikes?')"
2026-04-25T07:02:19+00:00,obj5_seed_operations,shown,obj5_seed_ops_03,How do shipping and returns change my break-even point?,What operational metrics should I track weekly?,2,Business Operations & Planning,seeded_objective5_evaluation,"('obj5_seed_operations', 'obj5_seed_ops_03', 2, 'What operational metrics should I track weekly?')"
2026-04-25T07:02:20+00:00,obj5_seed_operations,shown,obj5_seed_ops_03,How do shipping and returns change my break-even point?,How do I decide whether to outsource fulfillment?,3,Business Operations & Planning,seeded_objective5_evaluation,"('obj5_seed_operations', 'obj5_seed_ops_03', 3, 'How do I decide whether to outsource fulfillment?')"
2026-04-25T07:02:41+00:00,obj5_seed_operations,shown,obj5_seed_ops_04,How much safety stock should I keep for seasonal demand spikes?,How do I forecast inventory when historical sales are limited?,1,Business Operations & Planning,seeded_objective5_evaluation,"('obj5_seed_operations', 'obj5_seed_ops_04', 1, 'How do I forecast inventory when historical sales are limited?')"
2026-04-25T07:02:42+00:00,obj5_seed_operations,shown,obj5_seed_ops_04,How much safety stock should I keep for seasonal demand spikes?,What should I do if supplier lead times are unreliable?,2,Business Operations & Planning,seeded_objective5_evaluation,"('obj5_seed_operations', 'obj5_seed_ops_04', 2, 'What should I do if supplier lead times are unreliable?')"
2026-04-25T07:02:43+00:00,obj5_seed_operations,shown,obj5_seed_ops_04,How much safety stock should I keep for seasonal demand spikes?,How can I reduce stockouts without tying up too much cash?,3,Business Operations & Planning,seeded_objective5_evaluation,"('obj5_seed_operations', 'obj5_seed_ops_04', 3, 'How can I reduce stockouts without tying up too much cash?')"
2026-04-25T07:03:04+00:00,obj5_seed_yc_funding,shown,obj5_seed_yc_01,What YC startup examples are useful for validating a B2B SaaS idea?,Which early customer signals matter most before building the full product?,1,YC Startup Patterns & Funding,seeded_objective5_evaluation,"('obj5_seed_yc_funding', 'obj5_seed_yc_01', 1, 'Which early customer signals matter most before building the full product?')"
2026-04-25T07:03:05+00:00,obj5_seed_yc_funding,shown,obj5_seed_yc_01,What YC startup examples are useful for validating a B2B SaaS idea?,How did YC companies use MVPs to learn from customers?,2,YC Startup Patterns & Funding,seeded_objective5_evaluation,"('obj5_seed_yc_funding', 'obj5_seed_yc_01', 2, 'How did YC companies use MVPs to learn from customers?')"
2026-04-25T07:03:06+00:00,obj5_seed_yc_funding,shown,obj5_seed_yc_01,What YC startup examples are useful for validating a B2B SaaS idea?,When should a founder start preparing for seed fundraising?,3,YC Startup Patterns & Funding,seeded_objective5_evaluation,"('obj5_seed_yc_funding', 'obj5_seed_yc_01', 3, 'When should a founder start preparing for seed fundraising?')"
2026-04-25T07:03:27+00:00,obj5_seed_yc_funding,shown,obj5_seed_yc_02,How did YC companies use MVPs to learn from customers?,What metrics show that an MVP is solving a real pain point?,1,YC Startup Patterns & Funding,seeded_objective5_evaluation,"('obj5_seed_yc_funding', 'obj5_seed_yc_02', 1, 'What metrics show that an MVP is solving a real pain point?')"
2026-04-25T07:03:28+00:00,obj5_seed_yc_funding,shown,obj5_seed_yc_02,How did YC companies use MVPs to learn from customers?,How should I interview users after they test the MVP?,2,YC Startup Patterns & Funding,seeded_objective5_evaluation,"('obj5_seed_yc_funding', 'obj5_seed_yc_02', 2, 'How should I interview users after they test the MVP?')"
2026-04-25T07:03:29+00:00,obj5_seed_yc_funding,shown,obj5_seed_yc_02,How did YC companies use MVPs to learn from customers?,What common MVP mistakes appear in startup case studies?,3,YC Startup Patterns & Funding,seeded_objective5_evaluation,"('obj5_seed_yc_funding', 'obj5_seed_yc_02', 3, 'What common MVP mistakes appear in startup case studies?')"
2026-04-25T07:03:50+00:00,obj5_seed_yc_funding,shown,obj5_seed_yc_03,What metrics show that an MVP is solving a real pain point?,How do I turn early traction into a seed pitch narrative?,1,YC Startup Patterns & Funding,seeded_objective5_evaluation,"('obj5_seed_yc_funding', 'obj5_seed_yc_03', 1, 'How do I turn early traction into a seed pitch narrative?')"
2026-04-25T07:03:51+00:00,obj5_seed_yc_funding,shown,obj5_seed_yc_03,What metrics show that an MVP is solving a real pain point?,What retention metric should I track for a B2B SaaS product?,2,YC Startup Patterns & Funding,seeded_objective5_evaluation,"('obj5_seed_yc_funding', 'obj5_seed_yc_03', 2, 'What retention metric should I track for a B2B SaaS product?')"
2026-04-25T07:03:52+00:00,obj5_seed_yc_funding,shown,obj5_seed_yc_03,What metrics show that an MVP is solving a real pain point?,How many pilot customers are enough before fundraising?,3,YC Startup Patterns & Funding,seeded_objective5_evaluation,"('obj5_seed_yc_funding', 'obj5_seed_yc_03', 3, 'How many pilot customers are enough before fundraising?')"
2026-04-25T07:04:13+00:00,obj5_seed_yc_funding,shown,obj5_seed_yc_04,How do I turn early traction into a seed pitch narrative?,What should be included in a concise seed funding deck?,1,YC Startup Patterns & Funding,seeded_objective5_evaluation,"('obj5_seed_yc_funding', 'obj5_seed_yc_04', 1, 'What should be included in a concise seed funding deck?')"
2026-04-25T07:04:14+00:00,obj5_seed_yc_funding,shown,obj5_seed_yc_04,How do I turn early traction into a seed pitch narrative?,How do I explain market size without exaggerating it?,2,YC Startup Patterns & Funding,seeded_objective5_evaluation,"('obj5_seed_yc_funding', 'obj5_seed_yc_04', 2, 'How do I explain market size without exaggerating it?')"
2026-04-25T07:04:15+00:00,obj5_seed_yc_funding,shown,obj5_seed_yc_04,How do I turn early traction into a seed pitch narrative?,Which YC fundraising examples match enterprise SaaS companies?,3,YC Startup Patterns & Funding,seeded_objective5_evaluation,"('obj5_seed_yc_funding', 'obj5_seed_yc_04', 3, 'Which YC fundraising examples match enterprise SaaS companies?')"
2026-04-25T07:04:36+00:00,obj5_seed_sentiment,shown,obj5_seed_sent_01,What are people saying about our product category on Reddit and Facebook?,Which complaints appear most often in negative posts?,1,Social Media Sentiment,seeded_objective5_evaluation,"('obj5_seed_sentiment', 'obj5_seed_sent_01', 1, 'Which complaints appear most often in negative posts?')"
2026-04-25T07:04:37+00:00,obj5_seed_sentiment,shown,obj5_seed_sent_01,What are people saying about our product category on Reddit and Facebook?,What positive phrases suggest demand for this product category?,2,Social Media Sentiment,seeded_objective5_evaluation,"('obj5_seed_sentiment', 'obj5_seed_sent_01', 2, 'What positive phrases suggest demand for this product category?')"
2026-04-25T07:04:38+00:00,obj5_seed_sentiment,shown,obj5_seed_sent_01,What are people saying about our product category on Reddit and Facebook?,How should I compare sentiment between Reddit and Facebook?,3,Social Media Sentiment,seeded_objective5_evaluation,"('obj5_seed_sentiment', 'obj5_seed_sent_01', 3, 'How should I compare sentiment between Reddit and Facebook?')"
2026-04-25T07:04:59+00:00,obj5_seed_sentiment,shown,obj5_seed_sent_02,Which complaints appear most often in negative posts?,How can I group complaints into product improvement themes?,1,Social Media Sentiment,seeded_objective5_evaluation,"('obj5_seed_sentiment', 'obj5_seed_sent_02', 1, 'How can I group complaints into product improvement themes?')"
2026-04-25T07:05:00+00:00,obj5_seed_sentiment,shown,obj5_seed_sent_02,Which complaints appear most often in negative posts?,Which objections should be handled in launch messaging?,2,Social Media Sentiment,seeded_objective5_evaluation,"('obj5_seed_sentiment', 'obj5_seed_sent_02', 2, 'Which objections should be handled in launch messaging?')"
2026-04-25T07:05:01+00:00,obj5_seed_sentiment,shown,obj5_seed_sent_02,Which complaints appear most often in negative posts?,Do the complaints indicate a compliance or trust issue?,3,Social Media Sentiment,seeded_objective5_evaluation,"('obj5_seed_sentiment', 'obj5_seed_sent_02', 3, 'Do the complaints indicate a compliance or trust issue?')"
2026-04-25T07:05:22+00:00,obj5_seed_sentiment,shown,obj5_seed_sent_03,Which objections should be handled in launch messaging?,How can I turn sentiment findings into landing page copy?,1,Social Media Sentiment,seeded_objective5_evaluation,"('obj5_seed_sentiment', 'obj5_seed_sent_03', 1, 'How can I turn sentiment findings into landing page copy?')"
2026-04-25T07:05:23+00:00,obj5_seed_sentiment,shown,obj5_seed_sent_03,Which objections should be handled in launch messaging?,What customer segments react most positively to the offer?,2,Social Media Sentiment,seeded_objective5_evaluation,"('obj5_seed_sentiment', 'obj5_seed_sent_03', 2, 'What customer segments react most positively to the offer?')"
2026-04-25T07:05:24+00:00,obj5_seed_sentiment,shown,obj5_seed_sent_03,Which objections should be handled in launch messaging?,Which sentiment trends should I monitor after launch?,3,Social Media Sentiment,seeded_objective5_evaluation,"('obj5_seed_sentiment', 'obj5_seed_sent_03', 3, 'Which sentiment trends should I monitor after launch?')"
2026-04-25T07:05:45+00:00,obj5_seed_sentiment,shown,obj5_seed_sent_04,Which sentiment trends should I monitor after launch?,How often should I refresh social sentiment analysis?,1,Social Media Sentiment,seeded_objective5_evaluation,"('obj5_seed_sentiment', 'obj5_seed_sent_04', 1, 'How often should I refresh social sentiment analysis?')"
2026-04-25T07:05:46+00:00,obj5_seed_sentiment,shown,obj5_seed_sent_04,Which sentiment trends should I monitor after launch?,What warning signs indicate negative word of mouth is increasing?,2,Social Media Sentiment,seeded_objective5_evaluation,"('obj5_seed_sentiment', 'obj5_seed_sent_04', 2, 'What warning signs indicate negative word of mouth is increasing?')"
2026-04-25T07:05:47+00:00,obj5_seed_sentiment,shown,obj5_seed_sent_04,Which sentiment trends should I monitor after launch?,How should sentiment insights influence the next product roadmap?,3,Social Media Sentiment,seeded_objective5_evaluation,"('obj5_seed_sentiment', 'obj5_seed_sent_04', 3, 'How should sentiment insights influence the next product roadmap?')"
