timestamp,session_id,event_type,turn_id,query,followup_text,followup_rank,topic,data_source,event_key,matched_shown
2026-04-25T06:18:29.279976+00:00,c57cd76a434e4d908f5511955a0fff4d,clicked,62fad9d6cc4849e0bc06b917f5cf6557,How do I register a private limited company in Hong Kong?,What specific legal and compliance issues should I be aware of for a local limited company in Hong Kong?,1,HK Company Registration & Compliance,,"('c57cd76a434e4d908f5511955a0fff4d', '62fad9d6cc4849e0bc06b917f5cf6557', 1, 'What specific legal and compliance issues should I be aware of for a local limited company in Hong Kong?')",True
2026-04-25T06:18:41.978519+00:00,c57cd76a434e4d908f5511955a0fff4d,clicked,b051d945148d467f86d8b0b8a03dba4f,What specific legal and compliance issues should I be aware of for a local limited company in Hong Kong?,How can a company determine which licensing requirements apply to its specific business operations?,2,HK Company Registration & Compliance,,"('c57cd76a434e4d908f5511955a0fff4d', 'b051d945148d467f86d8b0b8a03dba4f', 2, 'How can a company determine which licensing requirements apply to its specific business operations?')",True
2026-04-25T06:20:53.098418+00:00,c57cd76a434e4d908f5511955a0fff4d,clicked,3b69ffc5b34648e88e61f343c3dcb33e,How should I validate a startup idea before launching?,What are some practical methods for identifying potential customers in a way that validates our product demand?,2,business startup / planning / launch,,"('c57cd76a434e4d908f5511955a0fff4d', '3b69ffc5b34648e88e61f343c3dcb33e', 2, 'What are some practical methods for identifying potential customers in a way that validates our product demand?')",True
2026-04-25T07:00:03+00:00,obj5_seed_hk_compliance,clicked,obj5_seed_hk_01,I want to incorporate a Hong Kong limited company. What should I do first?,How do I check whether my preferred company name is available?,1,HK Company Registration & Compliance,seeded_objective5_evaluation,"('obj5_seed_hk_compliance', 'obj5_seed_hk_01', 1, 'How do I check whether my preferred company name is available?')",True
2026-04-25T07:00:26+00:00,obj5_seed_hk_compliance,clicked,obj5_seed_hk_02,How do I check whether my preferred company name is available?,How do I reserve or change a Hong Kong company name later?,2,HK Company Registration & Compliance,seeded_objective5_evaluation,"('obj5_seed_hk_compliance', 'obj5_seed_hk_02', 2, 'How do I reserve or change a Hong Kong company name later?')",True
2026-04-25T07:00:49+00:00,obj5_seed_hk_compliance,clicked,obj5_seed_hk_03,How do I reserve or change a Hong Kong company name later?,How does the new Unique Business Identifier affect my company records?,2,HK Company Registration & Compliance,seeded_objective5_evaluation,"('obj5_seed_hk_compliance', 'obj5_seed_hk_03', 2, 'How does the new Unique Business Identifier affect my company records?')",True
2026-04-25T07:01:35+00:00,obj5_seed_operations,clicked,obj5_seed_ops_01,How should I price a small online retail product before launch?,How do I calculate gross margin for my first product batch?,1,Business Operations & Planning,seeded_objective5_evaluation,"('obj5_seed_operations', 'obj5_seed_ops_01', 1, 'How do I calculate gross margin for my first product batch?')",True
2026-04-25T07:01:58+00:00,obj5_seed_operations,clicked,obj5_seed_ops_02,How do I calculate gross margin for my first product batch?,How do shipping and returns change my break-even point?,2,Business Operations & Planning,seeded_objective5_evaluation,"('obj5_seed_operations', 'obj5_seed_ops_02', 2, 'How do shipping and returns change my break-even point?')",True
2026-04-25T07:02:21+00:00,obj5_seed_operations,clicked,obj5_seed_ops_03,How do shipping and returns change my break-even point?,How much safety stock should I keep for seasonal demand spikes?,1,Business Operations & Planning,seeded_objective5_evaluation,"('obj5_seed_operations', 'obj5_seed_ops_03', 1, 'How much safety stock should I keep for seasonal demand spikes?')",True
2026-04-25T07:03:07+00:00,obj5_seed_yc_funding,clicked,obj5_seed_yc_01,What YC startup examples are useful for validating a B2B SaaS idea?,How did YC companies use MVPs to learn from customers?,2,YC Startup Patterns & Funding,seeded_objective5_evaluation,"('obj5_seed_yc_funding', 'obj5_seed_yc_01', 2, 'How did YC companies use MVPs to learn from customers?')",True
2026-04-25T07:03:30+00:00,obj5_seed_yc_funding,clicked,obj5_seed_yc_02,How did YC companies use MVPs to learn from customers?,What metrics show that an MVP is solving a real pain point?,1,YC Startup Patterns & Funding,seeded_objective5_evaluation,"('obj5_seed_yc_funding', 'obj5_seed_yc_02', 1, 'What metrics show that an MVP is solving a real pain point?')",True
2026-04-25T07:03:53+00:00,obj5_seed_yc_funding,clicked,obj5_seed_yc_03,What metrics show that an MVP is solving a real pain point?,How do I turn early traction into a seed pitch narrative?,1,YC Startup Patterns & Funding,seeded_objective5_evaluation,"('obj5_seed_yc_funding', 'obj5_seed_yc_03', 1, 'How do I turn early traction into a seed pitch narrative?')",True
2026-04-25T07:04:39+00:00,obj5_seed_sentiment,clicked,obj5_seed_sent_01,What are people saying about our product category on Reddit and Facebook?,Which complaints appear most often in negative posts?,1,Social Media Sentiment,seeded_objective5_evaluation,"('obj5_seed_sentiment', 'obj5_seed_sent_01', 1, 'Which complaints appear most often in negative posts?')",True
2026-04-25T07:05:02+00:00,obj5_seed_sentiment,clicked,obj5_seed_sent_02,Which complaints appear most often in negative posts?,Which objections should be handled in launch messaging?,2,Social Media Sentiment,seeded_objective5_evaluation,"('obj5_seed_sentiment', 'obj5_seed_sent_02', 2, 'Which objections should be handled in launch messaging?')",True
2026-04-25T07:05:25+00:00,obj5_seed_sentiment,clicked,obj5_seed_sent_03,Which objections should be handled in launch messaging?,Which sentiment trends should I monitor after launch?,3,Social Media Sentiment,seeded_objective5_evaluation,"('obj5_seed_sentiment', 'obj5_seed_sent_03', 3, 'Which sentiment trends should I monitor after launch?')",True
