query,top_retrieved_source,top_retrieved_id,top_retrieved_score,top_retrieved_snippet,generated_answer_preview,gold_answer
How do I register a new company in Hong Kong?,hk_official,hk-register-company,1.1525,"Source: Companies Registry. Page: How to register a new company?. Category: register_company. Business stage: incorporation. Description: For details, please refer to the following information pamphlets Incorporation of a Local Limited Comp","To register a new company in Hong Kong, you can start by visiting the Companies Registry's e-Services Portal (https://www.companiesreg.gov.hk/eng/register/index.html) to access online services including business registration and corporate name search. The process involves registering your desired company name through the e-Search Services under the e-Services Portal or at their physical center. A free company name search is available using the ""Exact Name Search"" mode.  After confirming that you",Use the Hong Kong Companies Registry incorporation guidance and e-Services Portal to register a new company. The answer should cite official Companies Registry material.
What is the BRN mapping after Hong Kong adopted the Unique Business Identifier?,hk_official,hk-cr-home,1.1521,"Source: Companies Registry. Page: Companies Registry. Category: official_overview. Business stage: overview. Description: After the full implementation of Unique Business Identifier (“UBI”) on 27 December 2023, Business Registration Number ","After Hong Kong implemented the Unique Business Identifier (UBI) as of December 27, 2023, all companies registered before this date have their former company numbers mapped to the new eight-digit Business Registration Number (BRN). This mapping list can be found on the Companies Registry website for easy reference. Existing Certificate of Incorporation and related documents will no longer contain a Company Number but will instead display only the BRN as an identifier, facilitating smoother admin",The Companies Registry guidance explains that BRN replaced former company numbers after UBI implementation and provides mapping lookup through e-Search services.
What annual return does a local private company need to file in Hong Kong?,hk_official,hk-cr-home,1.1581,"Source: Companies Registry. Page: Companies Registry. Category: official_overview. Business stage: overview. Description: With a view to encouraging the wider use of the Registry’s electronic services, with effect from 1 October 2020, the f","A local private company in Hong Kong needs to file an annual return that is due annually on the anniversary of its incorporation or re-domiciliation date. The filing process involves downloading and completing the bilingual Form NAR1, which must then be submitted within 42 days after the anniversary date for a registration fee of HK$105. If the return is not filed by this deadline, there are higher late fees ranging from HK$870 to HK$3,480, and failure to comply can result in prosecution with fi",A local private company must deliver annual returns to the Registrar of Companies and should check the Companies Registry annual return guidance.
How can I deregister a defunct solvent company in Hong Kong?,hk_official,hk-deregister-company,1.1308,Source: Companies Registry. Page: How to deregister a defunct solvent company?. Category: deregister_company. Business stage: company_maintenance. Description: How to deregister a defunct solvent company? Deregistration of a defunct solvent,"To deregister a defunct solvent company in Hong Kong, you need to apply for a ""Notice of No Objection to a Company being Deregistered"" from the Commissioner of Inland Revenue. This application form (IR1263) can be downloaded from the website of the Inland Revenue Department.  You must also ensure that all the company's property is properly disposed of before making an application for deregistration. Additionally, you should meet all the conditions mentioned in section 2D of Form NDR1 and provide",Use official Companies Registry deregistration guidance for a defunct solvent company and follow the stated eligibility and filing procedure.
How do I change a Hong Kong company name?,hk_official,hk-change-company-name,1.1788,Source: Companies Registry. Page: How to change a company name?. Category: change_company_name. Business stage: company_maintenance. Description: How to change a company name? Change of company name Change of name of a local limited company,"To change a Hong Kong company name, follow these steps:  1. **Choose a New Name**: Select an available new company name according to the guidelines provided by the Registrar of Companies. Ensure it does not infringe on existing names or intellectual property rights.  2. **Altering Non-Hong Kong Company Names**: If you own a registered non-Hong Kong company, you need to alter the corporate name. Within one month after changing your foreign company's name, submit the Form NN10 - Return of Alterati","The Companies Registry has official guidance on changing a company name, including the relevant company maintenance process."
Where can I obtain Hong Kong company information from the registry?,hk_official,hk-obtain-company-info,1.1693,Source: Companies Registry. Page: How to obtain company information?. Category: company_information. Business stage: company_search. Description: How to obtain company information? Public Search Services Search on Company Information We pro,"You can obtain Hong Kong company information from the Companies Registry through various services available on their e-Search Portal, including current data of registered companies and image records of documents. This service is accessible via the e-Services Portal of the Information Services Department (政府新聞處刊物銷售小組). For more detailed legal texts related to the Companies Ordinance, you can purchase a copy from the Publications Sales Section by calling or visiting the Online Government Bookstore",The Companies Registry provides company information search services through its official channels.
Which official portal should I use for Hong Kong company e-services?,hk_official,hk-cr-home,1.0813,Source: Companies Registry. Page: Companies Registry. Category: official_overview. Business stage: overview. Description: Companies Registry Company Re⁃domiciliation Regime Application requirements and procedures e-Services Portal How to re,"You should use the e-Services Portal to access various services including user registration, user migration, electronic filing, electronic search, and electronic access to withheld information. This comprehensive platform provides a gateway to digital services designed to facilitate different aspects of company operations and compliance in Hong Kong.",The answer should point to the Companies Registry e-Services Portal and explain that official filing services should come from the registry.
What compliance obligations should I check after incorporating a Hong Kong private company?,hk_official,hk-cr-home,1.1087,"Source: Companies Registry. Page: Companies Registry. Category: official_overview. Business stage: overview. Description: With effect from 1 March 2018, a new licensing regime for trust or company service providers has come into operation. ","After incorporating a Hong Kong private company, you should ensure that your company complies with the Companies Ordinance and any other relevant laws. This includes registering for taxes, obtaining necessary licences for business activities, and delivering annual returns to the Registrar of Companies. You may also need to register trademarks if using them as company names, which is handled by the Trade Marks Registry. Consulting with local professional firms can help in navigating these require",The answer should emphasize official compliance guidance such as annual returns and registry filing obligations.
Can I look up a former company number after UBI implementation?,hk_official,hk-cr-home,1.1199,"Source: Companies Registry. Page: Companies Registry. Category: official_overview. Business stage: overview. Description: After the full implementation of Unique Business Identifier (“UBI”) on 27 December 2023, Business Registration Number ","Yes, you can look up a former company number by mapping it to the corresponding Business Registration Number (BRN) that was adopted as the Unified Business Identifier (UBI) on 27 December 2023. The Companies Registry provides lists for such mappings which are available on their official website for easy reference.","The answer should mention UBI, BRN mapping, and registry lookup services."
What are the filing risks if a company submits an annual return late?,hk_official,hk-annual-return-private-company,1.0923,Source: Companies Registry. Page: Local Private Company. Category: annual_return. Business stage: compliance. Description: It is the responsibility and obligation of a company and its officers to observe and comply with the filing requireme,"If a private company submits its annual return more than 42 days but within 3 months after the anniversary of its incorporation, it will face increased registration fees. The exact increase is not specified in the provided context, but companies can expect to pay higher fees for such late deliveries. Additionally, unsatisfactory documents may be rejected by the Companies Registry, leading to non-delivery being treated as a failure to comply with the filing requirements under the Companies Ordina",The answer should retrieve annual return guidance and mention late filing risk or higher registration fees when supported by context.
How should a founder confirm whether a Hong Kong company name can be changed?,hk_official,hk-change-company-name,1.1617,Source: Companies Registry. Page: How to change a company name?. Category: change_company_name. Business stage: company_maintenance. Description: How to change a company name? Change of company name Change of name of a local limited company,"A founder should first conduct a company name search using services provided by the Companies Registry, such as e-Search Services or at their physical locations. The search may be conducted free of charge and is available through the e-Services Portal or at the e-Services Centre on the 13th floor of the Queensway Government Offices. If the proposed new company name appears in the index of company names kept by the Registrar of Companies, it will not be accepted. It's crucial to use traditional C",The answer should retrieve Companies Registry company-name maintenance guidance.
What official source explains incorporation FAQs for a local Hong Kong company?,hk_official,hk-local-company-incorporation-faq,1.1142,Source: Companies Registry. Page: Incorporation. Category: faq. Business stage: incorporation. Description: How do I know if I need to apply for other business licences for my company to carry on business? Which government department can pr,The Companies Registry on their FAQ page provides detailed explanations of incorporation-related questions for local Hong Kong companies. This information is available through the link provided in Source 1 and can be accessed via the Companies Registry's electronic services.,The answer should cite official incorporation FAQ material from the Companies Registry.
What should I plan before opening a retail store?,business_guide,bg-businessnewsdaily-open-retail-store,1.1247,"Source: Business News Daily. Guide: How to Open a Retail Store. Category: retail_store_guide. Business stage: launch. Description: It doesn't need to be over the top, but your grand opening should be an event you take seriously when trying ","Before opening a retail store, you should start by defining your target audience and how your products are unique to them. Determine the location that aligns best with where your customers are likely to visit. It's also crucial to ensure you have the right staffing in place, which involves hiring employees who fit well with your brand. This includes not only ensuring they are qualified but making sure their demeanor makes customers feel welcome and engaged. For sourcing products, especially if p","A retail launch plan should cover target customers, location, products, staffing, suppliers, pricing, and operations."
How should a retailer manage inventory and supply chain?,business_guide,bg-netsuite-retail-supply-chain,1.0525,Source: NetSuite. Guide: Retail Supply Chain Management Guide. Category: supply_chain_guide. Business stage: operations. Description: Retail supply chain management covers the operational flow from forecasting demand and sourcing materials ,"A retailer can effectively manage inventory and supply chains by prioritizing agile operations early in their business lifecycle. They should use tools like NetSuite's guide to retail supply chain management, focusing on accurate demand planning and better inventory visibility. Companies such as autone offer platforms for retailers to make optimal decisions about product pricing, inventory replenishment, and other operational processes.  For managing inventory specifically, it’s important to hav","Retail supply chain management includes demand forecasting, sourcing, inventory control, warehouse operations, fulfillment, and delivery."
How do I write a business plan before launching a company?,business_guide,bg-forbesadvisor-start-business,1.0463,"Source: Forbes Advisor. Guide: How to Start a Business. Category: startup_guide. Business stage: planning. Description: This guide organizes business creation into stages such as research and planning, securing funding, registering the busi","Writing a business plan is crucial for any startup, including those in Hong Kong's Y Combinator ecosystem. It serves as a roadmap guiding the company from its inception to achieving long-term success. Key elements include your unique value proposition (USP), market analysis, marketing strategies, financial forecasts, and operational details such as staffing requirements.   For a retail store specifically, besides product specifics and pricing strategy, it’s essential to outline how you will reac","A business plan should define the market, product, customers, operating model, and launch plan before execution."
How do I choose a target market for a small business?,business_guide,bg-businessnewsdaily-open-retail-store,1.0206,"Source: Business News Daily. Guide: How to Open a Retail Store. Category: retail_store_guide. Business stage: launch. Description: When choosing a business location , you want to meet your customers where they are. Find out where your targe","When choosing a target market for your small business, it's crucial to identify and understand the needs and preferences of potential customers. This involves researching demographics such as age, income level, education, lifestyle, and interests. By understanding these factors, you can tailor your product or service offerings more effectively to meet their specific demands. Additionally, considering geographic location is essential; knowing where your target audience spends time will help in se","Choosing a target market requires market research, customer segmentation, competitor analysis, and clear positioning."
What pricing and competition questions should a new store ask?,business_guide,bg-businessnewsdaily-open-retail-store,1.0332,Source: Business News Daily. Guide: How to Open a Retail Store. Category: retail_store_guide. Business stage: launch. Description: The first step to opening a retail store is developing your idea and a business plan. When determining what t,"When establishing a retail store, it's crucial for new owners to consider both their pricing strategy and competitive landscape carefully. For pricing, they should determine if they will offer products at lower prices (on price), higher quality compared to competitors (on quality), or superior customer service (on service). They need to decide on one competitive edge to highlight in marketing to attract and retain customers.  Regarding competition, new store owners must understand who their main","A new store should compare competitors, customer willingness to pay, operating costs, and desired margins before setting prices."
What operational risks should a retail founder watch in supply chain?,business_guide,bg-netsuite-retail-supply-chain,0.9507,Source: NetSuite. Guide: Retail Supply Chain Management Guide. Category: supply_chain_guide. Business stage: operations. Description: Retail supply chain management covers the operational flow from forecasting demand and sourcing materials ,"Retail founders need to be vigilant against several operational risks related to the supply chain. These include stockouts due to forecasting errors or supplier issues, which can result in lost sales and dissatisfied customers. Shifting customer behavior also poses challenges, as retailers must adapt quickly to changes in consumer preferences and purchasing habits. Additionally, labor shortages can disrupt production timelines, leading to delayed deliveries or reduced service levels. Finally, vo","Retail founders should watch stockouts, shipping delays, labor shortages, rising material costs, and demand volatility."
How can a new retailer forecast demand before buying inventory?,business_guide,bg-netsuite-retail-supply-chain,1.014,Source: NetSuite. Guide: Retail Supply Chain Management Guide. Category: supply_chain_guide. Business stage: operations. Description: Retail supply chain management covers the operational flow from forecasting demand and sourcing materials ,"To effectively forecast demand for your retail business, start by collecting and analyzing data from past sales. Look at historical trends to identify patterns in purchasing behaviors. Additionally, consider factors such as seasonality, holidays, and any external events that might affect consumer behavior. This information can be gathered through customer surveys or by examining competitors' sales data. Tools like NetSuite’s supply chain management guide suggest using a combination of demand pla",The answer should retrieve retail supply chain guidance and discuss demand forecasting and inventory planning.
What should a store owner consider when selecting suppliers and vendors?,business_guide,bg-businessnewsdaily-open-retail-store,1.0406,"Source: Business News Daily. Guide: How to Open a Retail Store. Category: retail_store_guide. Business stage: launch. Description: Small business owners face challenges, and it's important to consistently please customers despite those chal","When selecting suppliers and vendors, a store owner should prioritize finding quality merchandise at affordable prices while ensuring reliability and prompt issue resolution. To mitigate risks associated with overseas vendors, it's wise to establish relationships with multiple local providers who can serve as backups if necessary. Establishing strong connections ensures that the business has consistent supply support without compromising customer satisfaction.","The answer should cover sourcing, suppliers, materials, and logistics in retail operations."
How do I decide whether an online store or physical retail location is better?,business_guide,bg-businessnewsdaily-open-retail-store,1.0757,"Source: Business News Daily. Guide: How to Open a Retail Store. Category: retail_store_guide. Business stage: launch. Description: When choosing a business location , you want to meet your customers where they are. Find out where your targe","When deciding between an online store and a physical retail location, consider the nature of your products and target audience. Physical retail offers immediate customer interaction and can be more effective for high-ticket items where trust and personal experience are crucial. Online stores, however, provide greater flexibility in reaching a wider market with diverse product offerings. Both formats have their strengths; a combination approach might also be beneficial for businesses aiming to ca","The answer should use retail launch guidance around location, customer needs, and operating model."
What should be included in a go-to-market plan for a first-time founder?,business_guide,bg-forbesadvisor-start-business,1.0066,"Source: Forbes Advisor. Guide: How to Start a Business. Category: startup_guide. Business stage: planning. Description: This guide organizes business creation into stages such as research and planning, securing funding, registering the busi","A go-to-market (GTM) plan is crucial for any startup, especially when launching as a first-time founder. It includes identifying your target market, understanding customer needs and pain points, defining unique value propositions, creating buyer personas, setting clear marketing goals, choosing appropriate channels based on where your customers shop or interact online, and implementing strategies to reach them effectively. A GTM plan should also incorporate tactics like content creation, social ","The answer should use startup planning guidance around customers, market, positioning, and launch."
How do I estimate staffing needs before opening a small shop?,business_guide,bg-businessnewsdaily-open-retail-store,1.0104,"Source: Business News Daily. Guide: How to Open a Retail Store. Category: retail_store_guide. Business stage: launch. Description: ""The global supply chain is changing rapidly,"" said Lassow. ""Current trade uncertainty makes it difficult to ","Before opening a small shop, accurately estimating staffing needs is crucial for operational efficiency. This involves identifying the different roles within your retail store that need to be filled and considering how many staff members you can afford to hire. A comprehensive understanding of job responsibilities and budget constraints will help in making an informed decision on staffing requirements.",The answer should retrieve practical retail launch guidance and mention staffing or operations planning.
How can I reduce supply chain delays for a growing retail business?,business_guide,bg-netsuite-retail-supply-chain,1.0293,Source: NetSuite. Guide: Retail Supply Chain Management Guide. Category: supply_chain_guide. Business stage: operations. Description: Retail supply chain management covers the operational flow from forecasting demand and sourcing materials ,"For reducing supply chain delays in a growing retail business, you should prioritize strong relationships with vendors to ensure reliability and prompt issue resolution. Given the global nature of sourcing, consider partnering with experts specializing in logistics, customs, and tax compliance. Implement robust demand forecasting tools to anticipate material needs accurately. Additionally, diversify your vendor base for backup supply sources. Regularly review and update your inventory management","The answer should retrieve supply chain management guidance and discuss efficiency, inventory, sourcing, and fulfillment."
Show me YC examples of companies in payments or credit.,yc,theorem,0.9251,"Company: Theorem. Tagline: The mission of Theorem is to make credit safe and available. We use…. Description: Theorem conducts independent underwriting of consumer loans originated by banks, credit cards companies and other lenders. We util","Y Combinator (YC) has supported a variety of startup companies that operate within the realms of payments and credit. Here are some examples:  - **Theorem**: Focuses on making credit safe and available by conducting independent underwriting for loans originated by various lenders.    - **Karbon Card**: Offers corporate credit cards, vendor payment solutions, and forex remittance products to Indian businesses.  - **BharatX**: Provides a platform for ""Buy Now Pay Later"" (BNPL) services within Flip","The answer should retrieve YC examples from the payments, credit, or financial technology area and compare their patterns."
Which YC companies are building healthcare or patient-care products?,yc,vitable-health,0.9382,"Company: Vitable Health. Tagline: Affordable care via ICHRA and primary care with visits, meds, labs…. Description: If you're a YC company: Book Here! https://calendly.com/danielle-wimberly-vitablehealth/30min  We are a team of engineers, c","Vitable Health and HeyDoctor are both YC companies developing healthcare-related products. Vitable Health focuses on making healthcare accessible through innovative benefits plans, including virtual visits, medications, and labs at a low cost via Independent Contractor Health Reimbursement Arrangements (ICHRA). HeyDoctor offers online primary care services, allowing users to access medical care online within minutes without the need for insurance or in-person appointments.","The answer should retrieve YC healthcare examples and summarize product themes around care, medical workflows, or patients."
Find YC examples in education or student learning.,yc,tegore,0.8845,Company: Tegore. Tagline: Your new AI-powered math tutor.. Description: Tegore follows K-12 school curriculum to design courses like Algebra I & Algebra II. In addition to working with high schools in the Bay Area to design the best in-clas,"Here are some examples of YC companies focused on education and student learning:  - **UBITS**: Offers over 5000 courses across three categories (Soft skills, business, tech skills) for Spanish-speaking companies. - **Filadd**: Provides premium, personalized college entrance exam preparation for students in Latin America with high growth and industry-leading margins. - **Trainzen**: Develops an educational tool to create, administer, and manage tests online. It aims to make learning more effecti","The answer should retrieve YC examples related to education, students, learning, or tutoring."
What YC patterns appear in developer tools or APIs?,yc,yhat,0.8891,"Company: Yhat. Tagline: End-to-end data science lifecycle management platform.. Description: Yhat (YC W15, pronounced y-hat) was an end-to-end data science platform. Acquired by Alteryx (NYSE:AYX). Keywords: science, w15, lifecycle, acquire","YC has funded several companies that have innovated in the space of developer tools and APIs, including:  - **Greptile** offers AI-driven code review assistance, improving PR merging speed. It provides a comprehensive context of the codebase.    - **Appjet** simplifies web app development by providing an easy-to-use JavaScript-based text editor for writing applications, with support for popular APIs like Facebook.  These companies exemplify YC's pattern of focusing on making complex tasks more a",The answer should retrieve YC developer-tool or API examples and identify common product patterns.
Which YC startups focus on marketplaces or commerce?,yc,moonshot-brands,0.9309,Company: Moonshot Brands. Tagline: Buy and grow profitable e-commerce companies selling on Amazon and DTC. Description: Moonshot Brands is building the world’s largest - next-generation CPG (Consumer Product Goods) e-commerce company. We lo,"Moonshot Brands, Boostable, and Hingeto all focus on marketplaces or commerce: - Moonshot Brands looks for profitable e-commerce companies to purchase from founders, then scale these businesses globally. - Boostable provides tools for marketplace sellers like advertising platforms. - Hingeto creates a B2B marketplace connecting fashion brands and influencers with online stores without inventory risk.",The answer should retrieve YC marketplace or commerce examples and compare their business patterns.
"Give YC examples for sales, CRM, or marketing automation.",yc,paloma,0.9605,"Company: Paloma. Tagline: AI-native CRM for putting post-sales operations on autopilot. Description: We unify your contracts, service consumption, and customer relationship context so that your revenue, success and sales teams can operate f","Sure, here are some YC-backed companies that exemplify the intersection of sales, customer relationship management (CRM), and marketing automation:  - **Paloma**: Focuses on automating post-sales operations through AI-native CRM. This solution ensures seamless interaction between customers and teams by unifying contract and service data.  - **PaletteHQ**: Specializes in simplifying commission calculations for sales performance monitoring. It automates the process of calculating commissions from ","The answer should retrieve YC examples from sales, CRM, marketing, or lead generation."
What YC examples are relevant for AI agents and workflow automation?,yc,cyberdesk,0.9606,"Company: Cyberdesk. Tagline: Self learning computer use agent for developers. Description: Cyberdesk is the first self learning computer use agent for developers to automate desktop workflows.  For example, one of our customers is building ","Cyberdesk and Sola both align closely with the theme of AI agents and workflow automation. Cyberdesk focuses on automating desktop workflows using a self-learning computer use agent, which is highly relevant to AI agent technology. On the other hand, Sola offers copilot capabilities for robotic process automation (RPA), integrating natural language processing (LLMs) with computer vision technologies to handle tedious tasks within existing workflows.  BitBoard stands out as another example that i","The answer should retrieve YC examples involving agents, workflows, support, or automation."
"Find YC companies working on video, audio, or streaming tools.",yc,moonvalley,0.905,"Company: Moonvalley. Tagline: Building the next generation AI creative studio. Description: We are building the next generation creative studio, powered by the most capable video and image foundational models. We are creating the place wher","YC has funded several startups focusing on video, audio, or streaming technologies:  - **Moonvalley** creates a platform for the next generation of AI creative studios, enabling users to generate image and video experiences through advanced foundational models. - **Watchsend** offers software analytics that turn an app's state into actionable videos, helping developers track issues in their iOS applications. - **Cocreate** develops a tool designed by professionals for professionals, aimed at red","The answer should retrieve YC examples from media, audio, video, or streaming categories."
What patterns do YC fintech startups show around investors and capital?,yc,stilt,0.923,"Company: Stilt. Tagline: Financial products for immigrants (acquired by JG Wentworth). Description: Stilt/Onbo enables you to launch credit products without a bank sponsor.  We have built APIs to abstract complexity around licenses, regulat","YC fintech startups like Stilt, Karat Financial, Wefunder, and Stock Unlock all highlight a pattern of being backed by significant investors including prominent players in the fintech ecosystem such as Y Combinator, Link Ventures, Hillsven Capital, Petrushka investments (backers of Lending Club, Zillow), and CEOs of billion-dollar companies. These investments not only provide capital but also bring strategic partnerships, regulatory expertise, and experience that are crucial for navigating compl",The answer should retrieve YC financial technology or investment-related startup examples.
Which YC startups are tackling food delivery or restaurants?,yc,nino-foods,0.947,"Company: Nino Foods. Tagline: Building India's fast food empire. Description: Nino Foods builds and operates fast food restaurants in India. We own 3 brands- Nino Burgers, Francesco's Pizzeria and KHA-Fried Chicken. We operate QSR and cloud","Y Combinator (YC) has supported several startups that specialize in the food and restaurant sectors through various delivery and operation models:  - **Nino Foods**: Builds fast food restaurants in India, operating QSR (Quick Service Restaurants) and cloud kitchen formats with an industry-leading payback period. They have 20 locations in Mumbai.    - **Pop Meals**: Building a network of cloud kitchens to expand Asia's leading food brands without the need for chefs, leveraging tech-enabled Quick ","The answer should retrieve YC examples related to food, delivery, or restaurant operations."
Give me examples of YC startups in security or cloud infrastructure.,yc,vanta,0.9316,Company: Vanta. Tagline: Vanta - the proven leader in automated compliance helping startups…. Description: About Vanta Vanta (YC W18) is the leading automated compliance and trust management platform designed to simplify and centralize comp,"Certainly, here are some examples:  - **Vanta**: This startup provides an all-in-one solution for automated compliance and trust management. It helps organizations maintain compliance with top frameworks like SOC 2 and ISO 27001.    - **Cloudanix**: Cloudanix focuses on cloud and container security. Their platform is valuable for companies using multi-cloud environments (like Google Cloud Platform, Azure, AWS) or having multi-accounts (for different purposes such as development, testing, product","The answer should retrieve YC security, cloud, or infrastructure examples."
Which YC companies work on machine learning models or training infrastructure?,yc,flower,0.9167,"Company: Flower. Tagline: Train AI on distributed data. Description: Flower Labs is the world-class AI startup behind Flower, the most popular open-source framework and ecosystem in the world for training AI on distributed data and compute ","Flower Labs, VergeSense, Nyckel, and Evidently Ai all focus on aspects related to machine learning models or training infrastructure. Flower Labs trains AI using distributed data with federated learning. VergeSense develops an AI-powered sensing device for facility management that includes pre-training machine learning models. Nyckel offers a platform for users to train state-of-the-art ML into their applications. Evidently Ai creates an open-source monitoring tool for managing ML models in prod","The answer should retrieve YC examples around models, training, ML infrastructure, or AI systems."
What is the overall social media sentiment in the dataset?,yc,datarank,0.7346,Company: Datarank. Tagline: Making sense of social data. (Acquired by SimplyMeasured.). Description: DataRank is a leading social analytics company. We monitor online conversation so that our customers can gather valuable comments and insig,"The context provided does not contain a single company or dataset focused on measuring the overall social media sentiment across datasets. It outlines various YC companies that operate within media, content, and social media domains but does not provide specific information about analyzing the overall sentiment of any particular dataset. Therefore, I cannot answer this question based solely on the given context.",The answer should summarize the sentiment distribution in the social media dataset and mention that neutral posts dominate.
What are people saying on Twitter and Instagram in the sentiment dataset?,yc,pribbit,0.7386,"Company: Pribbit. Tagline: Like Twitter but you post others' status.. Description: Like Twitter but you post others' status.. Keywords: status, twitter, post. Topic: media / content / social media.","The context provided does not offer specific information about what people are saying on Twitter and Instagram within a sentiment dataset. It contains details about several Y Combinator-backed startups but lacks detailed social media analytics data or examples of sentiments expressed online. Therefore, I cannot provide an answer based on the given information.",The answer should use the social media sentiment assets and compare platform-level signals for Twitter and Instagram.
Are online reviews or social media comments mostly positive or negative?,yc,socialmoth,0.6997,Company: Socialmoth. Tagline: Socialmoth is a community to post your thoughts anonymously. You can view postings (mostly gossip and secrets) from the whole community as well as get updates for when someone in your group of friends makes a p,"Based on the provided context from Y Combinator companies, both online reviews and social media comments show a mixed sentiment. While platforms like Simmer focus on providing users with verified, top-rated dishes based on comprehensive review data, indicating generally positive sentiment around food delivery experiences, other contexts hint at more nuanced user interactions.  Socialmoth, which allows users to post anonymously about various topics including gossip and secrets, suggests that ther","The answer should use the sentiment lens and explain the positive, neutral, and negative balance in the dataset."
Which hashtags are associated with positive social media sentiment?,yc,credictive,0.7631,"Company: Credictive. Tagline: Attribution metatags for online content.. Description: Attribution metatags for online content.. Keywords: attribution, content. Topic: media / content / social media.","Based on the information provided from Y Combinator companies active in the media and social media space, there are no specific hashtag details available. However, some of these startups focus on monitoring and managing negative interactions or content which does not align with positive sentiment hashtags.  For positive sentiments related to social media platforms or activities, users typically use broad trending hashtags like #goodnews, #inspiration, #happyhour, or industry-specific hashtags re",The answer should use the sentiment keyword profiles and summarize top positive hashtags or keywords.
What negative feedback do users give about delivery delays?,yc,bufferbox,0.7147,Company: BufferBox. Tagline: The future of package delivery. We are building a network of…. Description: BufferBox® Inc. is an innovation driven technology company that specializes in the design of automated self-service technologies to low,"Users often express frustration with delivery delays through various social media platforms. They mention being unable to reach the intended recipient, resulting in undeliverable packages. This issue can lead to inconvenience and additional costs for customers as they must either reschedule deliveries or receive refunds, which negatively impacts their satisfaction and trust towards parcel delivery services.",The sentiment engine should trigger from negative feedback and summarize likely sentiment signals.
Do customer complaints show frustration about online retail service?,business_guide,bg-businessnewsdaily-open-retail-store,0.9188,Source: Business News Daily. Guide: How to Open a Retail Store. Category: retail_store_guide. Business stage: launch. Description: Pop-up shops allow your business to move around or offer a physical location to attract new customers. You ca,"Customer complaints often indicate dissatisfaction with both online and offline retail services, suggesting frustration with various aspects such as order accuracy, delivery times, product quality, and customer support. Retailers can use complaint data to identify areas for improvement and enhance their service offerings. For instance, Yuma Ai, a Y Combinator company focused on automating customer support in e-commerce, addresses the issue of high volume support requests by integrating with help",The sentiment engine should trigger from customer complaints and frustration language.
What do users think about fintech app onboarding?,yc,finmark,0.7458,"Company: Finmark. Tagline: Financial planning software for startups. Description: Finmark is financial planning software for startups. We make it simple for companies to manage their runway, hiring, and cash.. Keywords: planning, financial,","Onboard.io's tagline highlights their focus on automating and streamlining the customer onboarding process. Given Onboard.io's emphasis, it can be inferred that customers appreciate their ability to manage and automate this process efficiently. Their platform is designed for brands such as those in the SaaS sector who already have complex processes, suggesting users value a solution that makes these tasks more collaborative and visible across all stakeholders. However, direct user sentiment data",The sentiment engine should trigger from user opinion wording and analyze likely public reaction.
Summarize public reaction to a new food delivery feature.,yc,dinesafe,0.7804,"Company: Dinesafe. Tagline: We crowdsource food safety reports & detect and prevent outbreaks.. Description: We provides tools, data and systems to facilitate real-time insights, decluttering outbreak detection and enhancing risk mitigation","There is not enough specific information about any particular food delivery feature or its public reaction from the provided Y Combinator companies and sources. The context focuses on various startup ventures in the food delivery, restaurant, and pre-made food sectors, but does not detail feedback on new features within these platforms.",The sentiment engine should trigger from public reaction and summarize social sentiment context.
Are Facebook comments more positive than Twitter comments?,yc,socialmoth,0.6933,Company: Socialmoth. Tagline: Socialmoth is a community to post your thoughts anonymously. You can view postings (mostly gossip and secrets) from the whole community as well as get updates for when someone in your group of friends makes a p,"There is no direct information provided in the given context to compare the sentiment of Facebook and Twitter comments. However, both Y Combinator companies mentioned—Naytev and DataRank—are focused on social media management and analytics for platforms like Facebook. This indicates they likely focus more on analyzing data from these platforms rather than comparing their sentiments directly. To determine if Facebook comments are more positive than Twitter ones would require additional research o",The sentiment engine should trigger from platform and comments wording and compare platform-level signals.
What customer reviews suggest low satisfaction with checkout?,yc,simmer,0.7138,"Company: Simmer. Tagline: We do reviews for dishes. Our app helps users find the very best…. Description: Today’s delivery apps are bad experiences. First, you have to choose a delivery platform. Then, you scroll through dozens of restauran","Customer reviews suggest low satisfaction with checkout when they mention long wait times, complex navigation leading to errors, and difficulties scanning items quickly. For example, users of Selfycart have complained about slow checkouts that cause shoppers to end up in long lines at the store. On the other hand, customers using Tablevibe for ordering through restaurants report an efficient, seamless checkout process that saves them time and reduces their wait times.",The sentiment engine should trigger from customer reviews and customer satisfaction wording.
Is there brand sentiment around AI tutoring tools?,yc,excellence-learning,0.7857,Company: Excellence Learning. Tagline: AI tutor starting with maths and science. Description: Excellence an after-school maths and science program. We replace/supplement private tutoring and long-term study programs such as Kumon (over 30B ,"Based on the Y Combinator companies mentioned (Excellence Learning, Codingal, Edwin, RevisionDojo), there is a positive sentiment towards AI tutoring and education technologies. These companies focus on providing personalized learning experiences for students in subjects like maths, coding, English, and general study assistance. Their taglines indicate their commitment to quality education with technology, suggesting that the AI tools they offer are valued by both educators and students.  Excell",The sentiment engine should trigger from brand sentiment wording.
What word-of-mouth buzz appears around wellness apps?,yc,glowing-io,0.7719,"Company: Glowing.io. Tagline: Unified, enterprise messaging platform for leading brands of the world. Description: Glowing enables leading global brands and their customers to text message with each other via existing popular mobile messagi","Bellabeat is highlighted as a leading player in the wellness femtech space. It focuses on women’s health and offers hyper-personalized offerings aligned with the menstrual cycle, demonstrating strong focus and market position within this segment. This aligns with positive word-of-mouth buzz around tech-powered wellness products, indicating they are well-regarded for innovative solutions in women's health technology.",The sentiment engine should trigger from word of mouth and buzz wording.
Where does the Companies Registry explain the e-Services FAQ for online filings?,hk_official,hk-electronic-services,1.1454,Source: Companies Registry. Page: Electronic Services at the e-Services Portal. Category: electronic_services. Business stage: digital_services. Description: Electronic Services at the e-Services Portal The e-Services Portal is a single int,"The Companies Registry explains the e-Services FAQ for online filings on their official overview page, which can be found under the ""FAQ"" section at the e-Services Portal. This resource covers a variety of topics including user registration, electronic filing, and migration to ensure users understand how to effectively use these services.",The answer should retrieve the Companies Registry e-Services FAQ and explain online filing support.
Which Companies Registry page covers business registration and miscellaneous questions?,hk_official,hk-cr-home,1.1013,Source: Companies Registry. Page: Companies Registry. Category: official_overview. Business stage: overview. Description: WHAT'S NEW OUR SERVICES Registration of Companies Registration of Documents Public Search Licensing of Money Lenders F,"The page titled ""Companies Registry"" under the category of ""official_overview"" covers both business registration and miscellaneous questions related to Hong Kong's Companies Ordinance. This includes information on forms, documents, news publications, application requirements for new companies, e-services portal, company re-domiciliation regime, and interest rate calculations. Additionally, it details how to register a new company including the incorporation form and necessary documentation requi",The answer should retrieve the Business Registration and Miscellaneous FAQ from the Companies Registry.
What official guidance mentions the Companies Registry Trust and Company Service Provider registry?,hk_official,hk-cr-home,1.1629,"Source: Companies Registry. Page: Companies Registry. Category: official_overview. Business stage: overview. Description: With effect from 1 March 2018, a new licensing regime for trust or company service providers has come into operation. ","The Companies Registry Trust and Company Service Provider registry is mentioned in several official guidance sources provided, including:  - Source 1 discusses a new licensing regime for trust or company service providers. - Source 2 highlights the Registry for Trust and Company Service Providers (TCSP) under ""HIGHLIGHT."" - Source 3 mentions TCSPs in relation to electronic services portal fees reductions.  These sources provide information about the requirements, application procedures, and fee ",The answer should retrieve the Companies Registry overview page and mention TCSP-related registry context when available.
How can I use official e-search services to map CR numbers and BRNs?,hk_official,hk-cr-home,1.0364,"Source: Companies Registry. Page: Companies Registry. Category: official_overview. Business stage: overview. Description: After the full implementation of Unique Business Identifier (“UBI”) on 27 December 2023, Business Registration Number ","You can use the Quick Search function within the e-Search Services of the Companies Registry's e-Services Portal. By entering either a Company Number (CR No.) or Business Registration Number (BRN), you can look up the corresponding other number for easy reference, as provided in the mapping lists after December 27, 2023, when the Unique Business Identifier was fully implemented.",The answer should retrieve official UBI or CR number to BRN mapping guidance.
What should I check before using electronic incorporation services in Hong Kong?,hk_official,hk-local-company-incorporation-faq,1.1375,Source: Companies Registry. Page: Incorporation. Category: faq. Business stage: incorporation. Description: How do I know if I need to apply for other business licences for my company to carry on business? Which government department can pr,"Before using the electronic incorporation services for a new Hong Kong company, ensure you've chosen the appropriate type of company (limited by shares or guarantee) based on your business purposes. You need to have ready the articles of association and a Notice to Business Registration Office (IRBR1). Additionally, confirm that the proposed company name can be registered, as names must comply with the Companies Ordinance before registration.",The answer should retrieve official e-services or incorporation guidance from the Companies Registry.
Where can I find official local company incorporation FAQ details?,hk_official,hk-local-company-incorporation-faq,1.0727,"Source: Companies Registry. Page: Incorporation. Category: faq. Business stage: incorporation. Description: Then, you have to deliver the application documents with the correct fees either electronically through the Registry's e-Filing Serv","You can find official local company incorporation FAQs on the Companies Registry's website. This source provides comprehensive answers to questions about the registration process, including what documents are required (like Form NNC1 or NNC1G), fees, and any specific requirements such as objects in articles of association for certain types of companies.",The answer should retrieve local company incorporation FAQ guidance.
How can I verify a potential supplier's company background before signing a contract?,yc,helloverify,0.7034,"Company: Helloverify. Tagline: Helloverify is a background screening platform (Checkr for India).. Description: With increasing fraud rates, the need for a credible background check system is more important than ever. Unlike other backgroun","Before signing a contract with a potential supplier, verifying their company background is crucial. Here are several methods to ensure the supplier’s legitimacy and compliance:  For automated and cost-effective verification, companies like **Helloverify** offer solutions that integrate technology for instant results from verified sources. They can help prevent fraud by providing factual background checks.  If you're looking at Chinese-based manufacturers or suppliers, considering a solution such",The answer should use official company information search guidance.
How should a Hong Kong founder handle company maintenance after incorporation?,hk_official,hk-register-company,1.0588,Source: Companies Registry. Page: How to register a new company?. Category: register_company. Business stage: incorporation. Description: How to register a new company? Registration of a new company Incorporation of a local limited company ,"After incorporating a company in Hong Kong, founders need to maintain compliance by ensuring up-to-date information on beneficial ownership is provided and adhering to all relevant filing requirements under the Companies Ordinance. This includes applying for licences if necessary for trust or company service businesses, managing changes such as mergers, dissolutions, and updates to registered addresses, and keeping accurate records of financial transactions and other business activities. Founder",The answer should retrieve official maintenance or annual return guidance.
Which official page explains deregistration for a company that has stopped trading?,hk_official,hk-deregister-company,1.0193,Source: Companies Registry. Page: How to deregister a defunct solvent company?. Category: deregister_company. Business stage: company_maintenance. Description: The company applying for deregistration must meet ALL the conditions mentioned i,"The official page explaining deregistration for a defunct solvent company is available at [Companies Registry](https://www.companiesreg.gov.hk/eng/forms-forms1/form_ndr1_en.htm) and it can be found under the ""deregister_company"" category. It provides step-by-step instructions on how to properly dispose of the company's property before making an application for deregistration, ensuring all conditions mentioned in section 2D of the Form NDR1 are met.",The answer should retrieve Companies Registry deregistration guidance for a defunct solvent company.
What should I do if my startup needs to rename its Hong Kong company before launch?,hk_official,hk-change-company-name,1.1335,Source: Companies Registry. Page: How to change a company name?. Category: change_company_name. Business stage: company_maintenance. Description: How to change a company name? Change of company name Change of name of a local limited company,"If your startup's Hong Kong company requires a name change prior to launch, you need to follow the steps outlined by the Companies Registry. First, choose a new name for your company and ensure it meets the guidelines provided in the ""Guideline on Registration of Company Names for Hong Kong Companies."" It’s important to conduct a company name search through their e-Search Services to avoid rejection due to conflicts with existing names.  After selecting a suitable name, you can proceed to regist",The answer should retrieve official company-name change guidance.
How can a founder confirm the official registration path for a new local company?,hk_official,hk-register-company,1.0654,Source: Companies Registry. Page: How to register a new company?. Category: register_company. Business stage: incorporation. Description: Incorporation Form - Form NNC1 (for company limited by shares) or Form NNC1G (for company not limited ,"To confirm the official registration path for a new local company in Hong Kong, founders should start by visiting the Companies Registry's official website where detailed guidance is provided. They must complete Form NNC1 (for company limited by shares) or Form NNC1G (for company not limited by shares), along with the articles of association and IRBR1 notice to register their company. It’s crucial for founders signing the incorporation form also to sign ""Consent to Act as Director"" if they are a",The answer should retrieve official new company registration guidance.
What Companies Registry compliance source should a private company check every year?,hk_official,hk-cr-home,1.0931,"Source: Companies Registry. Page: Companies Registry. Category: official_overview. Business stage: overview. Description: With effect from 1 March 2018, a new licensing regime for trust or company service providers has come into operation. ","A private company in Hong Kong should check the ""Annual Return"" compliance sources provided by the Companies Registry, specifically looking at their annual return submission requirements and penalties for non-compliance. They can refer to sources such as the Annual Return of a Local Private Company (pdf Format), Annual Return e-Reminder Service (pdf Format), and Delivery of Documents in Hard Copy Form to Companies Registry for Registration (pdf Format) for detailed information on what to deliver",The answer should retrieve annual return guidance for local private companies.
How should a retailer balance fast delivery with inventory cost?,business_guide,bg-netsuite-retail-supply-chain,0.9985,Source: NetSuite. Guide: Retail Supply Chain Management Guide. Category: supply_chain_guide. Business stage: operations. Description: Retail supply chain management covers the operational flow from forecasting demand and sourcing materials ,"A retailer must strike a balance between achieving quick delivery times and managing inventory costs effectively. Retailers like Getasap leverage real-time demand signals to operate with less safety stock, optimizing for faster execution without significant investment in extensive storage infrastructure. For those who can't adopt micro-fulfillment centers or similar solutions directly, maintaining lean inventories combined with robust procurement processes as seen by companies like autone can he","The answer should retrieve retail supply chain guidance about delivery speed, inventory, and cost efficiency."
What store launch checklist should I use before signing a lease?,business_guide,bg-businessnewsdaily-open-retail-store,0.9786,Source: Business News Daily. Guide: How to Open a Retail Store. Category: retail_store_guide. Business stage: launch. Description: It's also important to check that the name isn't already trademarked or used. You can start with a quick Goog,"Before signing a lease for your retail store in Hong Kong or anywhere else, ensure you have completed the following key steps:  1. **Legal Structure**: Choose an appropriate business structure such as a corporation or LLC to limit personal liability. 2. **Intellectual Property**: Verify that your desired name is available and not trademarked. 3. **Business Licenses and Permits**: Obtain necessary licenses and permits for retail operations. 4. **Location Selection**: Research and choose a prime l","The answer should retrieve retail store launch guidance around location, staffing, products, and preparation."
How should I validate a business idea before spending money on inventory?,business_guide,bg-businessnewsdaily-open-retail-store,0.9403,"Source: Business News Daily. Guide: How to Open a Retail Store. Category: retail_store_guide. Business stage: launch. Description: When choosing a business location , you want to meet your customers where they are. Find out where your targe","Before investing in inventory, it's crucial to validate your retail store concept through market research and demand analysis. Understand your target audience by studying demographics and purchasing behaviors. This can be facilitated with tools like Google Analytics or social media insights, which provide valuable data about customer preferences and trends. Additionally, consider conducting a pilot sale or pop-up shop in areas where you expect high foot traffic to gauge interest and sales perfor",The answer should retrieve business startup planning guidance and market validation steps.
What supply chain metrics should a retail founder monitor?,business_guide,bg-netsuite-retail-supply-chain,0.9748,Source: NetSuite. Guide: Retail Supply Chain Management Guide. Category: supply_chain_guide. Business stage: operations. Description: Retail supply chain management covers the operational flow from forecasting demand and sourcing materials ,"A retail founder should monitor several critical supply chain metrics to ensure operational efficiency and customer satisfaction. These include demand forecasting accuracy, inventory turnover rates, stockouts frequency, labor productivity, and supplier coordination effectiveness. Additionally, visibility into the entire supply chain flow is crucial, including materials sourcing, warehousing management, and delivery times. Accurate cost, markdown, and promotional data reporting also plays a signi","The answer should retrieve supply chain guidance and discuss inventory, fulfillment, delivery, and operations metrics."
How should I compare competitor pricing before opening a neighborhood store?,business_guide,bg-businessnewsdaily-open-retail-store,1.0067,"Source: Business News Daily. Guide: How to Open a Retail Store. Category: retail_store_guide. Business stage: launch. Description: If you're opening a brick-and-mortar business, finding a prime retail space needs to be a focal point. While ","When comparing competitors' pricing, focus on understanding the value proposition of each retailer. Consider factors such as quality, service, and exclusivity of products offered. Determine if your business can offer a unique selling point that will differentiate you from competitors. This could be in terms of lower prices for certain items, superior customer service, or exclusive product lines. Use this information to tailor your pricing strategy during the launch phase, ensuring it aligns with","The answer should retrieve retail launch guidance around pricing, competition, and customers."
What should I write down before turning my side project into a real company?,yc,necto,0.7216,"Company: Necto. Tagline: ISP starter kit. Description: Everything one would need to start an ISP. Keywords: kit, start, need. Topic: email / web / share.","When transitioning your side project into a real company, it's crucial to document and outline every aspect of your project, including your product vision, market analysis, competitive landscape, user needs, and technical specifications. This includes creating detailed design documents, user flow diagrams, and prototypes where necessary. Additionally, defining clear value propositions, pricing strategies, marketing plans, and customer acquisition channels can help in securing funding or attracti","The answer should retrieve business planning guidance for product, market, operations, and launch."
How can retailers avoid stockouts during seasonal demand spikes?,business_guide,bg-netsuite-retail-supply-chain,0.9271,Source: NetSuite. Guide: Retail Supply Chain Management Guide. Category: supply_chain_guide. Business stage: operations. Description: Retail supply chain management covers the operational flow from forecasting demand and sourcing materials ,"Retailers can manage stockouts effectively during seasonal demand spikes by implementing agile inventory management systems and strategies. Accurate demand planning is crucial, so retailers need to forecast customer needs with precision. Utilizing stronger supplier coordination means keeping open lines of communication with suppliers for timely deliveries as predicted sales increase. Better inventory visibility allows managers to track stock levels in real-time across multiple locations or wareh","The answer should retrieve retail supply chain guidance around forecasting, inventory, and fulfillment."
What customer segment research should I do before choosing products?,business_guide,bg-businessnewsdaily-open-retail-store,0.9863,"Source: Business News Daily. Guide: How to Open a Retail Store. Category: retail_store_guide. Business stage: launch. Description: Marketing is an important part of building a successful retail store. Although you have a solid product, you ","Before selecting your product or service, it's crucial to deeply understand and segment your target customers effectively. This can be achieved through various methods such as surveys, focus groups, and social media analytics. Utilize tools like Revamp’s AI-powered customer segmentation for eCommerce brands to gain insights into different segments of your market. By understanding which products these segments value most and the unique experiences they seek, you can tailor your offerings accordin",The answer should retrieve business planning guidance around target customers and market research.
"How do I plan vendors, fulfillment, and warehouse operations for retail?",business_guide,bg-netsuite-retail-supply-chain,1.0649,Source: NetSuite. Guide: Retail Supply Chain Management Guide. Category: supply_chain_guide. Business stage: operations. Description: Retail supply chain management covers the operational flow from forecasting demand and sourcing materials ,"When planning vendors, fulfillment, and warehouse operations for your retail business in Hong Kong or within the Y Combinator startup ecosystem, you should prioritize finding reliable and responsive vendors who can supply quality goods at competitive prices. Building strong relationships with multiple vendors is essential to minimize disruptions. Given the global nature of today’s commerce, sourcing from outside the U.S. may be necessary; in such cases, consulting experts in sourcing, logistics,","The answer should retrieve retail supply chain guidance covering suppliers, warehouses, fulfillment, and operations."
What practical steps help a small store prepare for opening day?,business_guide,bg-businessnewsdaily-open-retail-store,1.0727,"Source: Business News Daily. Guide: How to Open a Retail Store. Category: retail_store_guide. Business stage: launch. Description: It doesn't need to be over the top, but your grand opening should be an event you take seriously when trying ","To prepare for opening day, a small retail store should first define its target audience and emphasize the uniqueness of its products. Securing media coverage through local news outlets is essential to get free word-of-mouth promotion. Social media marketing and other promotional channels should be leveraged weeks in advance to build anticipation and excitement among potential customers.  Sales or discounts can also attract foot traffic, such as offering a 30% off deal during holiday weekends fo",The answer should retrieve retail store opening guidance.
How should I decide who will buy my product and how I will reach them?,yc,aleph-solutions-alephee,0.7208,Company: Aleph Solutions Alephee. Tagline: Aleph Solutions (Alephee): We help automotive aftermarket brands to supply and sell parts online. Description: Aleph helps companies with thousands of products like General Motors and Bosch increas,"When deciding on your target buyers for a product in a marketplace environment, consider the primary demographics of the market you're targeting. For example:  - **Aleph Solutions Alephee**: They are focused on automotive aftermarket brands operating in Latin America who need to sell products on e-commerce platforms like Mercado Libre and Amazon. To reach these customers, your marketing efforts should highlight the benefits of using their platform for increased revenue.  For reaching potential b",The answer should retrieve startup planning or go-to-market guidance.
What operations tradeoffs matter when scaling a retail supply chain?,business_guide,bg-netsuite-retail-supply-chain,1.0115,Source: NetSuite. Guide: Retail Supply Chain Management Guide. Category: supply_chain_guide. Business stage: operations. Description: Retail supply chain management covers the operational flow from forecasting demand and sourcing materials ,"When scaling a retail supply chain, critical tradeoffs include the balance between sourcing from domestic and international markets. Sourcing domestically can be more reliable in terms of quality control but may face challenges with stockouts due to global uncertainties. Conversely, sourcing internationally often leads to better cost efficiency but complicates logistics and increases risks associated with compliance and supply disruptions.  In terms of location selection for retail stores, choos","The answer should retrieve supply chain guidance around cost, agility, delivery, and scale."
"Find YC examples in media, content, or social networks.",yc,naytev,0.8864,"Company: Naytev. Tagline: Naytev automates paid and organic social media management in one place. Description: Y-Combinator (S14)  A/B test your videos, articles, and images on Facebook, and automatically publish the best version everywhere","Yaytev is an example from the Y Combinator (YC) ecosystem that automates and optimizes social media management through A/B testing. This solution helps businesses stand out by allowing them to quickly test various elements of their posts across Facebook and other platforms, improving reach and engagement.  YesGraph also aligns with this pattern in the media/content/social networks category. YesGraph uses machine learning and social graph analysis to recommend who users should invite within apps,","The answer should retrieve YC examples around media, content, social networks, or community products."
"Which YC startups work on therapeutics, cancer, or drug discovery?",yc,notable-labs,0.9468,Company: Notable Labs. Tagline: Personalized drug discovery for blood cancer.. Description: Notable Labs is building a personalized drug discovery platform to identify treatment options for relapsed and refractory cancer patients — starting,"Notable Labs and Kernal Biologics focus on therapeutic advancements for cancer using personalized drug discovery and mRNA-based therapies. PostEra is advancing modern medicinal chemistry through machine learning to accelerate the development of drugs. iollo automates the entire drug development lifecycle with an AI scientist, and Perlara works on repurposing existing drugs for rare diseases like PMM2-CDG and NGLY1-CDDG.","The answer should retrieve YC biotech examples involving cancer, drugs, therapeutics, or discovery."
Show YC examples in health insurance or mental health care.,yc,vitable-health,0.8711,"Company: Vitable Health. Tagline: Affordable care via ICHRA and primary care with visits, meds, labs…. Description: If you're a YC company: Book Here! https://calendly.com/danielle-wimberly-vitablehealth/30min  We are a team of engineers, c","Y Combinator (YC) has backed several startups focused on health insurance and mental health care:  - **Mango Health** is building an AI-driven guide for Obsessive Compulsive Disorder (OCD), helping to make resources more accessible. They aim to improve the diagnosis process, which currently takes about 12 years.  - **Psylaris** offers psychotherapy sessions through virtual reality, empowering clients and focusing therapists on aspects of treatment that e-health is not equipped to handle. This ca","The answer should retrieve YC examples around health insurance, mental health, treatment, or care."
"Which YC startups combine hardware engineering, chips, or protein design?",yc,aminoanalytica,0.9215,"Company: AminoAnalytica. Tagline: The AI-Native Operating System for Protein Engineering. Description: Design, simulate, and test your proteins 100x faster with the end-to-end no-code platform for protein engineering. Powered by Amina, our ","Partcl and BootLoop are YC companies that focus on hardware engineering and chip design: - Partcl modernizes chip design automation with physics-informed models powered by GPU acceleration. Their tools run up to 700× faster than legacy solutions. - BootLoop builds the first AI agent to write and test firmware on real hardware, addressing challenges faced by existing AI coding assistants in embedded systems.  Adaptyv also involves hardware engineering as part of its mission: it aims to build full","The answer should retrieve YC examples involving engineering, hardware, chips, protein, or design."
"Find YC examples in games, gaming, or multiplayer play.",yc,yn,0.9043,"Company: Y/n. Tagline: Interactive Stories. Description: Y/n is an interactive stories app. For example, you can play a story and escape a desert island with Sherlock or be a student at your favorite fictional school.. Keywords: stories, in","Yhat (YC W15) is an end-to-end data science platform that can be applied to various types of platforms including game development. Mixr (YC S13) focuses on hosting virtual game tournaments for remote and hybrid teams, aligning with the theme of games, gaming, or multiplayer play within the Y Combinator ecosystem.","The answer should retrieve YC examples around games, gaming, play, or multiplayer products."
"What YC startups are working on energy, robotics, carbon, or space?",yc,hlabs,0.9264,"Company: Hlabs. Tagline: US-Made Parts for Robots. Description: HLabs is making an industrial supply chain for building robots in the USA including electronics and actuators, with a focus on in-house manufacturing.  Robotics is going to be ","Several Y Combinator (YC) companies are focused on aspects related to energy, robotics, and sometimes space. Companies like Hlabs in the robotics category are producing industrial supply chain solutions for building robots with focus on local manufacturing. Foundation Industries is re-establishing America's productive edge through low-volume, high-mix manufacturing, crucial for hard-tech teams. RMFG works on advanced contract manufacturing for hardware companies, which can have applications acro","The answer should retrieve YC examples around energy, robotics, carbon, space, water, or electric systems."
"Give YC examples involving code review, tests, or internal developer workflows.",yc,rainforest,0.9342,"Company: Rainforest. Tagline: no-code end-to-end testing that integrates with any CI/CD pipeline. Description: No-code platform for end-to-end, automated software testing that integrates with any CI/CD pipeline. Improve quality and move fas","Y Combinator-backed companies like Rainforest offer no-code end-to-end testing that integrates with CI/CD pipelines to improve software quality without a dedicated QA team. Companies use Greptile for AI-driven code reviews and context-aware pull request analysis to catch more bugs and speed up merges by 4x on average. TesterArmy is an AI agent that tests web apps in real browsers before they ship, catching issues missed during traditional review processes. cubic provides an intelligent code revi","The answer should retrieve YC examples related to review, tests, workflow, coding, or internal tools."
"Which YC startups are about email, web sharing, or information access?",yc,stacker,0.9006,"Company: Stacker. Tagline: Turns spreadsheets into internal apps and customer portals. Description: We let you create applications for your team, your partners or your customers, powered by the data you're already using.  Connect in your sp","Stacker and Necto are YC companies focused on email/web/sharing:  - **Stacker**: They let users create internal apps from spreadsheets, Airtable databases, and other sources. This integrates multiple data sources into functional applications.    - **Necto**: Their tagline ""ISP starter kit"" suggests they provide everything needed to start an Internet Service Provider (ISP). This likely includes various tools for managing domains, servers, and more, which can be used for sharing information over t","The answer should retrieve YC examples involving email, web, sharing, search, or information access."
"Find YC companies building social media, music, or creator communities.",yc,beacons,0.8993,"Company: Beacons. Tagline: An AI-powered, all-in-one business platform for content creators. Description: Helping creators build smarter and more successful businesses with websites, email marketing, ecommerce, and more.. Keywords: creators","YC companies like Gigs Live and Lizza are focused on creating robust platforms for creators. Gigs Live supports artists, musicians, and other content creators with flexible monetization plans across various devices, while Lizza aids in managing creator-brand partnerships, streamlining the collaboration process for e-commerce brands.  Another example is Universe, known for its innovative website builder app that allows users to create websites on their smartphones. This platform not only encourag",The answer should retrieve YC media/content/community examples.
Show me companies reducing industrial costs with automation or physical systems.,yc,industrial-next,0.8008,"Company: Industrial Next. Tagline: Tesla autonomous manufacturing for everyone. Description: We bring Tesla autonomous manufacturing to every automaker and other producers. At Tesla, we were the core autonomous factory team and we’re now bu","Here are some Y Combinator-backed startups in Hong Kong that focus on reducing industrial costs through automation and physical systems:  - **Industrial Next** specializes in bringing Tesla's autonomous manufacturing technology to other automakers and producers. Their smart cameras and robotic guidance tools improve efficiency and cost savings in production lines.    - **Foundation Industries** provides critical components for hard-tech companies, enabling them to prototype faster and build more","The answer should retrieve YC examples around autonomous systems, industry, energy, space, or cost reduction."
Which YC startups show patterns in AI model training and data labeling?,yc,segments-ai,0.9116,Company: Segments.ai. Tagline: Build better computer vision models by building better datasets. Description: [Segments.ai](http://segments.ai/) is helping robotics and automotive companies label their multi-sensor data for AI training and v,"Several Y Combinator (YC) companies highlighted in the context showcase patterns in their focus on AI model training and data labeling. **Segments.ai** focuses on helping robotics and automotive companies by efficiently annotating multi-sensor data for AI training, which directly addresses the need to label large datasets.   **Encord**, another YC company, is positioned as a leading data platform for AI teams, offering workflows for human-in-the-loop labeling and infrastructure for model testing","The answer should retrieve YC model training, ML, foundation model, or data examples."
"Find YC examples of B2B outreach, leads, and outbound sales tools.",yc,rocketsdr,0.9602,"Company: RocketSDR. Tagline: AI Native Sales Outreach Platform. Description: The only sales outreach platform you’ll ever need.  From research to outreach, RocketSDR runs your entire top-of-funnel — freeing you to focus on conversations tha","Y Combinator (YC) has supported several startups that address the challenges of B2B outreach, lead generation, and outbound sales. RocketSDR is an example with its AI-native sales outreach platform, designed to run entire top-of-funnel activities for sales teams, freeing them from mundane tasks so they can focus on conversations that convert. Voiceops also stands out in this category by helping B2C companies understand their customer interactions through accessible voice data analysis and insigh","The answer should retrieve YC sales, marketing, CRM, leads, or outbound examples."
What are Twitter users complaining about in the sentiment dataset?,yc,datarank,0.6794,Company: Datarank. Tagline: Making sense of social data. (Acquired by SimplyMeasured.). Description: DataRank is a leading social analytics company. We monitor online conversation so that our customers can gather valuable comments and insig,"The provided context does not contain specific information on what Twitter users are complaining about within a sentiment dataset. It lists companies involved with social media, analytics, and feedback analysis, but lacks detailed data points or examples of complaints from Twitter users. For such insights, one would need to refer to the individual company's product documentation, case studies, or customer feedback databases which were not included in the provided context.",The sentiment engine should trigger from Twitter and complaints wording.
Do people seem happy with lifestyle content on Instagram?,yc,buildspace,0.6971,"Company: buildspace. Tagline: we're the place where people build cool shit.. Description: we’re the largest place where you give your idea a shot.  and, we mean any idea — a hip-hop album, short film, a novel, some indie software, a youtube","Based on the information provided about 9gag, a YC-backed company that focuses on making the world happier through entertainment media, it seems people have positive sentiment towards lifestyle content on platforms like Instagram. With over 150 million global audience and 39 million followers on Facebook alone, along with its position as one of the top ranked social media platforms in entertainment & gaming, 9GAG indicates that there is significant interest and engagement with this type of conte",The sentiment engine should trigger from Instagram comments and positive feedback wording.
How do Facebook reactions compare for neutral versus positive posts?,yc,socialmoth,0.6982,Company: Socialmoth. Tagline: Socialmoth is a community to post your thoughts anonymously. You can view postings (mostly gossip and secrets) from the whole community as well as get updates for when someone in your group of friends makes a p,"Facebook has noted that reactions (like, share, and love) are generally higher on posts with a positive sentiment compared to neutral or negative sentiments. However, the data isn't specific enough in YC companies' contexts provided to provide precise numbers for reactions between these categories. Generally, positive content tends to get more engagement from users, which could include likes, shares, comments, and reactions.",The sentiment engine should trigger from Facebook reactions and sentiment wording.
What online reviews mention frustration with checkout or payment?,yc,clickpe,0.7309,Company: ClickPe. Tagline: Finance on a Click. Description: Small shop owners earn daily unlike salaried people but when it comes to loan repayment both are asked to pay monthly. For these shop owners it is difficult to calculate how much t,"I do not have access to specific online review databases or texts from online reviews related to this context without additional search capabilities, so I cannot directly cite any particular reviews here. However, given the focus on online payments and checkouts, one might expect to find frequent mentions of frustration with these processes in reviews for e-commerce websites or mobile apps handling transactions. This sentiment often includes issues like long wait times during checkout, confusing",The sentiment engine should trigger from online reviews and frustration wording.
Are customer ratings mostly neutral in the social media dataset?,yc,ebrandvalue,0.7342,"Company: eBrandvalue. Tagline: Real-time Nielsen ratings for Brands.Accelerate marketing and product…. Description: eBrandValue, Inc. is a Mountain View, CA-based company that acts as a BI platform for brands and leverages social data to fo","Customer ratings are not typically neutral in a social media dataset for eBrandValue and DataRank. eBrandValue uses real-time Nielsen ratings, which generally indicate positive or negative sentiments through sales data and market share comparisons. For DataRank, while they don't explicitly mention if ratings are neutral, their focus is on gathering valuable insights and comments from consumers, suggesting that the data encompasses a range of customer sentiment, likely including both positive and",The sentiment engine should trigger from customer ratings and social media wording.
How are people responding to education technology products?,yc,dost-education,0.752,Company: Dost Education. Tagline: Getting kids ready for school in India.. Description: Dost is an ed-tech nonprofit building a platform to expand access to early childhood development in low-resource settings through parent education. Our ,"Education technology (ed-tech) products are gaining traction and positive responses from various stakeholders. Platforms like Dost Education are addressing the need for early childhood development, offering resources that can benefit parents in under-resourced settings. Codecademy is bridging the skills gap by helping professionals learn technical skills to prepare them for the job market, which aligns with a significant workforce transition driven by technological advancements. Pandai's gamifie",The sentiment engine should trigger from public reaction wording.
Which user feedback terms point to negative app experiences?,yc,herald,0.7338,Company: Herald. Tagline: A collaborative repository for user feedback.. Description: Herald helps product and customer teams work together to grow revenue by painting a full picture of user problems.  We start by providing the best experie,"Based on the information provided from YC companies Herald and Thematic, negative app experiences are indicated by terms such as ""feedback"" and ""improve customer experience,"" suggesting areas needing improvement. For example, in Thematic's description, they aim to help companies improve their customer experience through analyzing feedback. However, direct indicators of specific negative sentiments or experiences like ""user complaints"" or ""negative feedback"" aren't highlighted. Therefore, terms p",The sentiment engine should trigger from user feedback and negative experience wording.
What market sentiment is visible for small business retail ideas?,business_guide,bg-businessnewsdaily-open-retail-store,1.0219,Source: Business News Daily. Guide: How to Open a Retail Store. Category: retail_store_guide. Business stage: launch. Description: Other marketing opportunities may come from sales or in-store discounts. Sales can be a good way to draw cust,"The context suggests that there's a competitive marketplace in retail. Successful retailers must understand their competition and clearly define what makes their business unique, whether it be through pricing strategies, quality offerings, superior service, or variety of products. Effective marketing campaigns are also crucial to stand out and attract customers amidst numerous options available to consumers. Small business owners should focus on building strong relationships with vendors to ensu",The sentiment engine should trigger from market sentiment wording.
What are Reddit-style comments saying about delivery reliability?,yc,getcho,0.7462,"Company: Getcho. Tagline: The reliability platform for last-mile delivery. Description: Getcho is a local delivery platform for high-value goods.  We are building a high-reliability delivery network on top of high-volume, unreliable fleets,","Reddit-style comments about delivery reliability from YC companies such as Getcho and EasyPost suggest a mixed sentiment. For instance, users might comment positively on how platforms like Getcho offer more reliable delivery options for high-value goods, appreciating features that ensure orders aren't lost due to unreliable delivery fleets. Similarly, users might discuss their experiences with EasyPost's integration, praising its ability to ship deliveries faster and smarter by managing carrier ",The sentiment engine should trigger from Reddit and comments wording.
Are people praising wellness apps or criticizing them?,yc,bellabeat,0.7421,"Company: Bellabeat. Tagline: Tech-powered women's wellness.. Description: Founded in 2014, Bellabeat is a data-centered wellness femtech company behind some of the most fashionably designed tech-powered wellness products and one of the fast","The context provided does not contain any information about social media sentiment towards wellness apps, so it is not possible to draw conclusions based on the given data. The companies and sources mentioned in the context are focused on health insurance, telehealth programs for weight loss management, community support platforms for fitness tracking, enterprise health benefits solutions, and gamified customer engagement tools. There is no specific mention of people praising or criticizing well",The sentiment engine should trigger from praise and criticism wording.
Are people happy or unhappy with healthcare appointment apps?,yc,arini,0.7404,"Company: Arini. Tagline: AI receptionist for dentists. Description: At Arini, we’re building the operating system for dental groups. Phones are the backbone of dental operations — 80% of appointments are still booked over the phone — yet pr","The provided Y Combinator (YC) company profiles focus on various solutions in the healthcare sector but do not specifically address how patients feel about healthcare appointment apps. However, it can be inferred that Arini and its AI receptionist for dentists might help improve patient engagement by reducing missed calls and enhancing communication. This could potentially lead to happier patients who are more likely to keep appointments as a result of improved access and responsiveness.",The sentiment engine should trigger from social sentiment wording.
Are creator tools getting good word of mouth?,yc,chatpay,0.7248,"Company: Hubla. Tagline: All-in-one platform for creators to sell courses and subscriptions. Description: Hubla is the Shopify for creators, enabling anyone to build, manage, and grow their online business. We provide powerful tools to crea","Yes, many creator-focused platforms are receiving positive word of mouth. Hubla has proven to be a leader in the creator economy by empowering individuals with simple and flexible tools for online business creation. This can lead to recommendations from creators who benefit significantly from their platform's features, such as those that enable them to turn their expertise into income streams. Additionally, eBrandValue’s ability to provide accurate sales forecasts through social data analysis ha",The sentiment engine should trigger from buzz and word-of-mouth wording.
